"ip1","ip2","ip3","ip4","tepat"
2.30,1.97,1.80,1.56,Tidak
1.81,1.68,1.57,1.86,Tidak
3.07,3.00,2.75,3.21,Tidak
2.71,2.33,2.61,1.98,Tidak
3.17,3.02,3.28,2.96,Tidak
3.16,3.45,3.02,3.06,Tidak
2.72,2.50,2.92,3.00,Tidak
2.97,3.27,2.90,2.83,Tidak
2.72,2.61,2.64,2.46,Tidak
2.78,2.85,3.08,3.35,Tidak
2.50,1.56,3.17,3.33,Tidak
2.19,2.92,2.54,2.67,Tidak
3.43,3.18,3.41,3.45,Ya
3.14,2.75,3.01,3.38,Tidak
3.04,2.95,3.14,2.98,Ya
2.83,2.56,3.00,2.79,Ya
2.60,2.72,3.08,2.54,Ya
2.98,3.02,2.98,2.90,Ya
3.10,3.34,3.38,3.42,Ya
2.52,2.36,1.85,2.73,Ya
3.17,3.50,3.46,3.58,Ya
3.06,3.21,3.23,3.35,Ya
2.92,1.78,3.21,3.04,Ya
3.00,1.50,3.23,3.15,Ya
3.10,3.39,3.17,3.08,Ya
2.84,3.02,3.21,2.83,Ya
3.02,2.97,3.04,3.04,Ya
2.95,3.40,2.67,3.42,Ya
3.02,3.48,3.15,3.19,Ya
3.11,3.48,2.73,3.35,Ya
2.91,3.31,3.18,3.15,Ya
3.30,3.31,2.60,3.17,Ya
2.98,3.31,2.60,3.17,Ya
2.88,2.73,2.60,3.15,Ya
3.02,3.38,3.20,3.17,Ya
3.32,3.58,3.38,3.38,Ya
3.32,3.65,3.42,3.42,Ya
3.16,3.56,3.10,3.58,Ya
3.30,3.37,3.12,3.54,Ya
3.32,3.38,3.47,3.60,Ya
2.95,2.73,3.10,3.46,Ya
3.18,3.50,2.75,3.32,Ya
3.22,3.48,2.62,3.15,Ya
3.39,3.55,3.23,3.04,Ya
3.10,2.58,2.75,2.67,Ya
2.44,2.86,2.86,1.58,Tidak
3.02,3.10,3.04,3.24,Ya
2.68,2.89,2.77,2.85,Ya
3.24,3.12,3.20,3.70,Ya
3.02,3.00,2.94,3.46,Ya
3.15,3.27,3.02,3.32,Ya
2.71,2.88,2.65,2.65,Ya
2.57,2.45,2.79,2.99,Ya
3.62,3.56,3.54,3.79,Ya
2.97,2.85,3.05,2.97,Ya
3.13,3.00,3.33,2.47,Tidak
2.80,2.81,2.65,3.28,Ya
2.86,2.77,2.67,3.33,Ya
2.83,3.13,3.02,3.40,Ya
2.87,3.12,2.93,3.47,Ya
2.91,3.17,2.95,3.34,Ya
2.94,3.19,2.84,3.52,Ya
2.94,3.19,3.05,3.64,Ya
2.94,3.23,3.09,3.57,Ya
2.86,2.67,3.14,3.26,Ya
2.85,2.83,2.84,3.47,Ya
2.99,3.12,2.89,3.43,Ya
2.82,2.94,2.52,3.17,Ya
2.66,3.44,2.77,3.57,Ya
3.13,2.90,2.73,3.34,Ya
3.25,2.75,3.25,2.89,Ya
3.35,2.96,2.80,3.24,Ya
3.35,2.79,2.89,3.52,Ya
3.40,3.62,2.93,3.61,Ya
3.40,3.15,2.95,3.50,Ya
3.43,3.22,3.06,3.16,Ya
3.35,2.91,3.14,3.34,Ya
3.49,3.22,3.08,3.59,Ya
3.50,2.71,3.16,3.50,Ya
2.71,3.25,2.71,2.50,Ya
2.88,2.86,2.96,3.24,Tidak
3.18,3.34,3.19,3.47,Ya
2.92,1.50,2.94,3.04,Ya
2.86,2.30,2.76,3.12,Ya
3.04,3.07,2.98,3.01,Tidak
2.70,2.41,2.98,3.09,Ya
3.12,3.27,3.19,3.18,Ya
3.05,2.28,2.74,3.09,Ya
2.50,2.12,2.53,2.34,Ya
3.12,2.69,2.03,2.75,Ya
2.89,2.68,2.65,1.15,Ya
3.00,2.95,2.99,1.16,Ya
3.23,2.91,2.98,3.41,Ya
3.06,3.34,3.22,3.43,Ya
3.05,2.91,3.04,3.19,Ya
2.98,3.07,2.70,3.12,Ya
3.32,3.11,2.96,3.59,Ya
2.82,3.11,2.66,1.13,Ya
2.89,3.09,3.06,3.26,Ya
3.00,3.14,3.28,3.25,Ya
2.73,3.25,2.22,3.06,Ya
2.92,2.64,2.59,1.09,Ya
3.12,2.94,2.96,3.13,Ya
2.98,3.22,3.50,3.51,Ya
3.00,3.38,3.24,3.32,Ya
2.94,3.10,3.37,3.42,Ya
2.80,3.22,2.98,3.09,Ya
2.76,3.07,3.43,3.08,Ya
2.16,3.00,2.50,3.13,Ya
2.95,3.00,3.20,3.26,Ya
3.06,2.94,3.31,3.44,Ya
2.95,3.06,2.85,3.27,Ya
2.95,2.97,2.38,2.18,Ya
3.10,2.84,3.14,3.10,Ya
3.18,3.09,2.80,3.06,Ya
2.98,3.03,2.88,3.15,Ya
2.84,3.12,2.72,2.93,Ya
3.25,3.54,3.49,3.28,Ya
2.81,2.97,3.04,2.82,Tidak
3.19,3.22,3.35,3.02,Ya
2.90,3.16,3.20,3.18,Ya
2.98,2.81,2.81,2.91,Ya
2.89,2.95,3.06,3.04,Tidak
2.85,3.12,2.54,3.10,Ya
2.96,2.95,2.99,3.20,Ya
3.30,3.28,3.41,3.56,Ya
3.28,2.92,3.20,3.52,Ya
3.10,3.31,3.31,3.52,Ya
3.02,3.02,3.16,3.50,Ya
2.71,3.10,3.14,3.40,Ya
3.06,2.80,3.25,3.56,Ya
3.15,2.82,3.31,3.42,Ya
2.68,3.06,2.75,3.07,Ya
3.10,3.16,3.75,3.39,Ya
2.85,2.94,3.19,3.12,Ya
3.27,3.32,3.32,3.48,Ya
2.63,3.52,3.27,3.58,Ya
2.85,2.92,3.04,3.23,Ya
3.32,3.39,3.25,3.25,Ya
3.21,3.45,3.31,3.31,Ya
2.83,3.09,3.50,3.46,Ya
3.15,3.34,3.56,3.40,Ya
3.11,2.88,3.14,3.06,Ya
2.98,3.05,3.35,3.40,Ya
3.02,3.23,3.42,3.38,Ya
3.06,3.05,3.38,3.44,Ya
3.15,3.38,3.44,3.44,Ya
3.48,3.44,3.48,3.40,Ya
2.81,3.23,3.04,3.35,Ya
2.33,3.33,2.83,3.21,Tidak
2.94,3.09,2.90,3.40,Ya
2.96,3.09,3.15,3.35,Ya
3.64,3.38,3.65,3.46,Ya
2.67,3.25,2.65,3.43,Ya
3.13,3.27,3.15,3.40,Tidak
3.19,3.48,2.82,3.59,Ya
3.06,2.55,2.77,2.98,Tidak
2.94,3.48,3.02,2.89,Ya
2.67,2.59,2.75,2.84,Ya
2.87,2.98,2.97,3.00,Ya
3.34,3.17,3.42,3.30,Ya
3.26,3.32,3.21,2.92,Ya
3.53,3.50,3.58,3.39,Ya
3.23,2.48,3.34,2.91,Ya
3.52,2.80,3.61,3.05,Ya
3.20,3.32,2.87,2.82,Ya
2.98,3.16,2.95,2.98,Ya
3.25,2.75,2.05,2.91,Ya
3.06,2.73,2.63,2.52,Ya
3.12,3.36,2.18,2.78,Ya
2.84,2.89,1.97,2.70,Ya
2.86,2.32,2.89,2.77,Ya
2.77,2.16,3.13,2.80,Ya
3.19,3.14,3.58,2.93,Ya
3.20,2.41,3.24,2.84,Ya
3.18,3.00,3.00,2.84,Ya
3.22,2.39,3.16,3.18,Ya
3.26,3.08,3.34,3.41,Ya
2.95,2.92,3.04,2.88,Ya
2.88,3.35,2.74,3.08,Ya
3.75,3.25,2.17,3.36,Ya
3.08,3.31,3.34,2.80,Ya
2.88,3.17,2.94,3.15,Ya
3.41,3.16,3.28,3.34,Tidak
3.15,3.12,3.22,3.28,Ya
3.32,3.52,3.64,3.55,Ya
3.26,3.48,3.46,3.45,Ya
3.08,3.44,3.46,3.65,Ya
3.42,3.60,3.64,3.50,Ya
3.35,3.40,3.39,3.52,Ya
3.20,3.38,3.43,3.32,Ya
2.73,3.44,3.50,3.66,Ya
3.22,3.44,3.57,3.57,Ya
3.00,3.35,3.29,3.38,Ya
3.20,3.42,3.36,3.42,Ya
3.10,3.37,3.36,3.42,Ya
2.85,3.45,2.86,2.95,Ya
3.32,3.50,3.38,2.44,Ya
2.94,1.38,2.12,1.52,Ya
3.18,1.79,2.94,1.85,Ya
3.16,1.84,2.75,1.96,Ya
2.75,0.23,1.25,1.56,Ya
2.83,2.07,1.25,1.44,Ya
3.17,1.14,0.88,1.77,Ya
3.28,3.00,3.10,2.61,Ya
3.32,0.95,3.35,2.04,Ya
2.36,1.44,2.65,1.54,Ya
2.06,2.38,1.88,1.50,Tidak
2.98,2.89,3.15,3.08,Tidak
3.56,3.34,3.35,3.35,Tidak
3.06,2.61,0.55,1.46,Ya
2.21,2.34,1.72,1.31,Tidak
2.92,2.75,3.29,2.04,Ya
3.07,2.07,3.29,2.12,Ya
2.95,2.16,3.21,2.08,Ya
3.11,2.20,3.35,2.12,Ya
3.48,2.25,3.54,2.23,Ya
3.27,2.12,3.44,2.19,Ya
3.27,2.12,3.41,2.02,Ya
3.27,1.91,3.39,2.08,Ya
3.20,2.11,3.44,2.00,Ya
3.05,2.18,3.35,2.15,Ya
3.20,2.21,3.39,2.15,Ya
3.00,2.04,3.32,2.15,Ya
2.95,3.56,3.33,2.10,Ya
2.91,3.47,3.16,1.90,Ya
3.00,3.19,3.27,1.98,Ya
2.59,3.47,3.08,1.79,Ya
3.09,3.04,3.15,3.55,Tidak
1.94,1.37,2.04,2.14,Tidak
3.23,3.20,3.14,3.56,Tidak
3.12,3.35,2.72,1.97,Tidak
2.20,2.48,2.51,1.39,Tidak
2.85,2.32,2.16,3.12,Tidak
2.49,1.67,1.63,3.11,Tidak
2.87,3.01,3.16,3.10,Tidak
3.15,3.02,3.40,3.48,Tidak
1.96,3.08,1.65,3.06,Tidak
3.18,3.12,3.20,3.23,Tidak
2.52,3.03,2.25,2.94,Tidak
2.91,2.95,2.20,2.76,Tidak
2.62,3.00,2.75,3.22,Tidak
2.30,3.02,2.74,3.40,Tidak
2.82,2.83,2.80,3.07,Tidak
2.65,2.75,2.48,3.08,Tidak
2.83,1.48,1.87,2.44,Tidak
3.16,3.34,3.18,3.27,Tidak
3.04,2.80,2.94,3.47,Tidak
1.57,1.68,2.93,2.81,Ya
3.30,2.98,2.91,3.19,Tidak
2.48,3.06,3.04,3.31,Ya
2.84,3.42,3.38,3.52,Ya
2.50,2.33,2.98,3.19,Ya
2.70,2.59,3.12,3.44,Ya
2.89,3.44,3.19,3.35,Ya
2.98,3.14,3.20,3.11,Tidak
2.93,3.52,3.35,3.21,Ya
2.75,1.52,2.58,2.65,Tidak
2.75,3.19,3.02,2.94,Ya
3.27,3.46,3.44,3.42,Ya
2.91,2.98,2.96,2.83,Ya
2.70,3.04,3.08,2.75,Ya
3.32,3.17,3.18,2.06,Ya
3.23,3.38,3.52,3.17,Ya
3.48,3.48,3.48,3.67,Ya
3.61,3.67,3.69,3.77,Ya
3.41,3.40,3.62,3.50,Ya
3.22,3.29,3.44,3.48,Ya
3.45,3.54,3.48,3.52,Ya
3.30,3.35,3.38,3.46,Ya
3.68,3.58,3.62,3.60,Ya
3.66,3.60,3.65,3.58,Ya
3.50,3.50,3.46,3.44,Ya
3.34,3.20,3.38,3.50,Ya
2.91,3.04,3.25,3.48,Ya
3.36,3.25,3.42,3.60,Ya
3.00,3.13,3.12,3.29,Ya
3.34,3.38,3.48,3.60,Ya
2.91,3.31,3.48,3.46,Ya
2.78,2.81,2.98,3.29,Ya
3.18,3.46,3.40,3.62,Ya
3.55,3.54,3.60,3.71,Ya
3.34,3.56,3.58,3.60,Ya
3.52,3.38,3.33,3.52,Ya
3.57,3.35,3.44,3.75,Ya
3.50,3.33,3.46,3.58,Ya
3.09,3.35,3.52,3.56,Ya
2.84,1.21,3.38,3.57,Ya
3.32,3.75,3.40,3.35,Ya
3.09,2.93,3.50,3.65,Ya
2.68,2.00,3.29,3.33,Ya
2.93,2.82,3.00,3.00,Tidak
2.70,1.10,3.32,2.90,Ya
2.77,1.25,3.30,3.12,Ya
3.05,1.40,3.39,3.28,Ya
3.08,1.30,3.43,3.30,Ya
2.56,0.95,3.21,3.05,Ya
2.30,2.52,3.38,2.38,Ya
1.69,2.81,2.73,2.41,Ya
2.89,3.35,3.22,3.06,Ya
2.50,2.52,2.65,3.08,Ya
3.38,3.42,3.72,3.40,Ya
3.71,3.44,3.77,3.05,Ya
3.06,3.48,3.03,2.85,Ya
2.58,3.45,3.23,3.49,Ya
3.38,3.38,3.07,3.01,Ya
3.48,3.56,3.58,3.19,Tidak
3.30,3.32,3.18,2.92,Ya
3.60,3.60,3.43,3.28,Ya
2.49,3.18,3.33,2.92,Ya
3.50,3.38,3.52,3.26,Ya
3.55,3.46,3.27,2.98,Ya
3.47,3.50,3.68,3.55,Ya
3.06,3.23,3.43,3.34,Ya
3.50,3.42,3.25,3.02,Ya
3.55,3.60,3.50,3.40,Ya
3.47,3.27,3.07,3.25,Ya
3.46,3.21,3.58,3.61,Ya
3.37,3.38,3.32,3.75,Ya
2.95,3.08,3.12,3.19,Ya
3.52,3.21,3.60,3.59,Ya
3.53,3.04,3.63,3.75,Ya
3.45,3.21,3.69,3.53,Ya
3.11,3.00,3.50,3.28,Ya
3.19,3.17,3.46,3.50,Ya
3.58,3.23,3.58,3.64,Ya
3.31,3.43,3.62,3.44,Ya
3.55,3.35,3.81,3.62,Ya
2.58,1.28,3.63,3.41,Ya
3.25,3.42,3.56,3.71,Ya
2.70,1.25,3.65,3.36,Ya
2.73,1.14,3.35,3.44,Ya
3.11,1.25,3.67,3.50,Ya
2.83,1.32,3.58,3.16,Ya
3.21,2.90,3.46,3.27,Ya
2.50,2.52,3.75,3.78,Ya
3.38,3.20,3.48,3.13,Ya
2.45,3.34,3.10,2.64,Ya
1.51,3.12,2.77,3.65,Ya
2.65,1.55,2.94,2.85,Ya
2.70,1.72,2.72,2.93,Ya
2.58,1.72,2.95,2.62,Tidak
3.13,3.30,3.06,3.17,Tidak
3.38,3.28,3.39,3.34,Ya
3.11,3.43,3.27,3.09,Tidak
3.15,3.30,3.08,3.08,Ya
3.34,3.41,2.90,2.66,Ya
3.36,3.41,3.06,2.58,Ya
3.39,3.34,2.99,2.63,Ya
3.43,3.43,3.07,2.65,Ya
3.32,3.40,3.05,2.63,Ya
3.52,3.45,3.51,2.71,Ya
3.48,3.39,3.05,2.79,Ya
3.36,3.16,2.92,2.50,Ya
3.32,3.36,3.39,2.60,Ya
3.29,3.20,2.96,2.38,Ya
3.27,3.27,2.92,1.83,Ya
3.32,3.23,2.82,2.52,Ya
1.88,1.42,3.16,3.29,Ya
1.90,1.09,3.14,3.35,Ya
2.19,1.89,3.14,3.37,Ya
3.27,1.80,3.20,3.28,Ya
1.86,1.84,3.20,3.37,Ya
1.80,1.52,3.09,3.40,Ya
2.05,1.91,3.24,3.41,Ya
1.99,1.77,3.21,3.34,Ya
1.85,1.64,3.15,3.37,Ya
1.92,1.57,3.00,3.15,Ya
2.17,1.80,3.16,3.31,Ya
2.25,1.73,3.14,3.47,Ya
2.09,1.64,3.11,3.48,Ya
2.05,1.66,3.04,3.06,Ya
2.25,1.84,3.19,3.64,Ya
2.25,1.64,3.18,3.25,Ya
2.53,1.89,3.19,3.50,Ya
2.20,1.57,3.00,3.28,Ya
3.07,2.14,3.11,3.51,Ya
2.84,2.19,3.51,3.40,Ya
2.86,2.19,3.46,3.43,Ya
2.62,2.38,3.56,3.59,Ya
2.81,2.19,3.39,3.46,Ya
2.78,2.06,3.44,3.19,Ya
2.84,2.00,3.46,3.19,Ya
2.41,2.22,3.44,3.31,Ya
2.72,2.18,3.26,3.36,Ya
3.17,2.41,3.57,3.37,Ya
3.36,2.34,3.60,3.44,Ya
3.06,2.07,3.49,3.11,Ya
3.32,3.25,2.92,2.56,Ya
3.15,3.14,3.29,3.41,Tidak
2.50,3.31,3.24,3.22,Ya
2.85,3.22,3.28,3.31,Ya
2.59,3.25,3.21,3.22,Ya
2.43,3.11,3.16,2.97,Ya
2.69,3.17,2.89,2.99,Ya
2.75,3.25,3.21,3.06,Ya
2.55,3.17,2.84,2.84,Ya
2.88,2.75,3.28,3.19,Ya
2.80,2.83,2.91,2.56,Ya
2.16,3.14,3.16,2.85,Ya
2.66,2.78,2.85,2.69,Ya
3.15,3.31,3.51,3.07,Ya
2.50,3.09,3.18,3.06,Ya
2.48,2.97,2.82,3.13,Ya
2.60,2.79,3.07,3.07,Ya
3.14,3.28,3.32,3.56,Ya
3.05,3.22,3.26,3.49,Ya
2.65,3.07,3.12,3.01,Ya
3.15,3.22,3.32,3.32,Ya
3.11,3.06,3.21,3.45,Ya
2.21,3.11,3.01,2.69,Ya
2.36,3.14,3.14,2.76,Ya
2.82,3.19,3.25,3.28,Ya
2.89,2.86,3.15,2.41,Ya
3.14,3.75,3.18,3.26,Ya
3.31,3.22,3.44,3.23,Ya
2.44,3.08,2.65,2.76,Ya
3.15,3.30,3.04,3.01,Ya
2.54,3.33,1.77,2.86,Ya
3.02,2.48,0.81,3.45,Ya
3.35,2.34,2.92,3.39,Ya
3.27,3.42,2.69,3.52,Ya
3.06,3.34,3.07,2.84,Tidak
3.17,3.11,3.17,3.08,Ya
3.31,3.14,3.17,3.21,Ya
3.53,3.53,3.19,2.73,Ya
3.35,3.37,3.44,3.15,Ya
3.42,3.27,3.23,3.13,Ya
3.19,3.39,3.52,3.13,Ya
2.85,3.25,2.06,3.45,Ya
1.68,2.05,3.32,3.31,Ya
1.75,1.95,1.82,2.28,Ya
3.29,3.25,3.01,3.32,Tidak
3.22,3.45,3.19,3.54,Tidak
2.49,3.29,2.99,2.93,Tidak
2.84,3.16,2.82,3.25,Tidak
2.98,1.95,3.06,2.48,Ya
3.00,2.50,3.17,2.54,Ya
3.30,3.32,3.39,3.18,Ya
0.85,2.95,3.22,2.52,Ya
3.24,2.93,3.22,2.48,Ya
3.41,3.11,3.04,2.48,Ya
3.22,3.43,3.54,3.16,Ya
3.08,2.98,3.39,2.39,Ya
3.21,3.07,3.24,2.35,Ya
3.22,3.00,3.24,2.41,Ya
1.50,3.09,3.63,2.61,Ya
3.40,2.73,3.57,2.50,Ya
3.22,2.91,3.22,2.39,Ya
3.04,2.93,2.91,2.39,Ya
0.83,3.75,3.18,3.38,Ya
3.48,3.30,3.14,3.22,Tidak
2.77,3.20,2.65,2.25,Ya
2.93,3.20,2.65,2.25,Ya
3.14,3.16,3.02,2.20,Ya
3.11,3.23,3.16,2.15,Tidak
2.95,3.25,1.95,1.83,Ya
3.11,3.20,2.14,2.05,Ya
3.00,3.14,2.08,0.90,Ya
2.68,2.52,1.40,1.62,Ya
3.07,3.27,2.65,2.25,Ya
3.05,3.64,3.01,2.68,Ya
3.07,3.34,3.02,3.02,Tidak
2.95,3.27,2.58,1.96,Tidak
2.70,3.36,2.68,2.56,Ya
2.59,3.52,2.45,2.66,Ya
3.16,3.11,3.09,3.25,Ya
3.11,3.02,3.08,3.25,Ya
3.57,3.48,3.50,3.58,Ya
3.32,3.36,3.59,3.42,Ya
2.67,3.36,3.41,3.50,Ya
2.93,3.14,2.92,3.45,Ya
3.00,3.05,2.89,3.20,Ya
3.54,3.39,3.46,3.71,Ya
3.32,3.05,3.18,3.25,Ya
3.04,3.05,3.31,3.29,Ya
3.32,3.20,3.20,3.55,Ya
3.36,3.39,3.56,3.46,Ya
3.00,3.08,3.31,3.61,Ya
3.58,3.13,3.29,3.42,Ya
2.89,2.88,2.83,3.52,Ya
2.94,3.65,2.95,3.45,Ya
2.27,2.00,2.76,2.93,Ya
3.33,3.33,3.56,3.64,Ya
2.94,2.56,2.83,3.02,Ya
3.17,3.12,3.43,3.22,Ya
2.91,3.12,3.48,3.61,Ya
2.45,3.00,3.25,3.43,Ya
3.15,3.00,3.52,3.59,Ya
2.91,3.11,2.98,3.09,Ya
3.15,3.36,3.38,3.41,Tidak
3.04,3.18,3.39,3.43,Tidak
3.08,3.05,3.42,3.14,Ya
3.54,2.77,3.80,3.68,Ya
3.21,2.79,3.28,3.45,Ya
3.46,2.70,3.73,3.66,Ya
3.14,2.25,3.30,3.57,Ya
3.17,2.41,3.48,3.59,Ya
3.29,2.25,3.72,3.50,Ya
3.10,2.80,3.17,3.61,Ya
3.12,2.52,3.48,3.64,Ya
3.25,2.45,3.58,3.57,Ya
3.22,1.91,2.52,3.59,Ya
3.25,2.35,3.59,3.57,Ya
3.08,2.60,3.30,3.57,Ya
3.42,2.79,3.70,3.80,Ya
3.60,3.28,3.52,3.70,Ya
3.07,3.19,3.40,3.20,Ya
3.19,3.26,3.52,3.30,Ya
2.80,2.08,2.29,2.40,Tidak
3.27,3.29,3.46,3.55,Ya
3.08,4.00,2.71,3.27,Ya
3.26,3.00,3.90,3.66,Ya
2.56,2.62,2.48,3.15,Ya
2.97,3.85,3.50,3.70,Ya
3.07,3.35,3.56,3.50,Ya
2.23,2.00,2.03,1.88,Ya
3.19,3.02,2.57,3.57,Ya
1.68,3.30,3.11,2.92,Ya
2.91,3.40,3.48,3.50,Ya
3.03,3.48,3.83,3.48,Ya
3.33,3.20,3.52,3.57,Ya
2.54,3.27,2.90,2.95,Ya
2.23,2.48,2.50,2.48,Ya
2.91,2.95,3.52,2.78,Ya
3.45,3.25,3.65,3.61,Ya
2.71,2.99,3.22,3.05,Ya
3.17,2.37,2.08,3.06,Ya
2.38,2.58,3.40,3.11,Ya
3.23,2.63,2.98,3.16,Ya
3.24,2.80,3.42,3.16,Ya
2.85,2.58,3.37,2.34,Ya
3.09,3.62,3.45,3.34,Ya
3.19,3.48,3.43,3.39,Ya
3.15,3.73,3.82,3.43,Ya
3.31,3.59,2.67,3.67,Ya
3.06,3.59,3.48,3.39,Ya
2.91,3.68,3.38,2.93,Ya
3.12,3.67,3.52,3.61,Ya
3.08,3.59,3.52,3.16,Ya
2.97,3.66,3.43,3.32,Ya
3.09,3.59,3.60,2.98,Ya
3.18,3.72,3.75,3.39,Ya
3.01,3.65,3.77,3.41,Ya
3.20,3.47,3.63,3.50,Ya
3.20,3.67,3.58,3.45,Ya
2.97,3.60,3.42,3.34,Ya
3.35,3.63,3.63,3.36,Ya
3.34,3.66,3.48,3.34,Ya
3.45,3.62,3.67,3.34,Ya
2.96,3.49,3.42,3.23,Ya
3.27,3.66,3.63,3.48,Ya
3.02,3.31,3.45,3.11,Ya
3.51,3.72,3.63,3.68,Ya
3.05,3.45,3.47,3.20,Ya
2.81,3.45,3.67,3.27,Ya
2.86,3.40,3.23,3.20,Ya
3.32,3.48,3.58,3.57,Ya
2.39,3.46,3.08,3.34,Ya
2.40,3.28,3.05,3.39,Ya
2.98,3.71,3.43,3.70,Ya
1.62,2.51,2.04,1.90,Ya
2.56,2.93,2.50,3.16,Ya
3.02,3.56,2.77,3.23,Ya
3.02,3.71,3.48,3.45,Ya
2.83,3.04,2.88,3.35,Ya
2.59,3.56,3.10,1.18,Ya
2.90,3.49,3.08,3.55,Ya
3.22,3.72,3.28,3.55,Ya
2.74,3.21,2.68,3.48,Ya
2.69,3.06,3.13,3.43,Ya
2.56,3.34,2.49,3.30,Ya
2.90,3.42,2.91,3.44,Ya
2.93,3.22,2.97,3.50,Ya
2.47,3.41,2.22,1.96,Ya
2.98,3.72,3.47,3.34,Ya
2.92,3.40,3.37,3.36,Ya
2.38,3.13,3.42,3.25,Ya
3.08,3.50,3.55,3.45,Ya
3.03,3.72,3.47,3.70,Ya
3.35,3.54,2.89,3.64,Ya
3.15,3.64,3.22,3.57,Ya
2.87,3.65,3.29,3.14,Ya
3.04,3.34,3.42,3.08,Ya
2.80,3.07,3.11,2.73,Ya
3.57,3.50,3.58,3.48,Ya
3.07,3.35,3.36,3.51,Ya
2.63,2.83,3.36,3.46,Ya
2.90,3.62,3.61,3.43,Ya
3.15,3.45,3.25,3.59,Ya
3.01,3.51,3.28,3.43,Ya
3.73,3.64,3.56,3.72,Ya
3.33,3.28,3.44,3.61,Ya
3.03,3.59,3.47,3.31,Ya
3.51,3.70,3.44,3.68,Ya
3.25,3.60,3.39,3.49,Ya
2.91,3.26,3.22,3.56,Ya
2.91,3.28,3.28,3.13,Ya
2.91,3.40,3.36,3.42,Ya
2.98,3.58,3.50,3.54,Ya
3.02,3.38,3.22,3.44,Ya
3.58,3.84,3.25,3.64,Ya
2.92,3.15,3.28,3.32,Ya
3.08,3.59,3.39,3.49,Ya
2.25,1.35,3.25,3.06,Ya
3.40,3.48,3.36,3.70,Ya
3.25,3.11,3.19,3.29,Tidak
2.82,2.79,3.17,3.04,Ya
3.15,3.17,3.22,3.15,Ya
3.20,3.19,3.14,3.38,Ya
3.05,3.11,3.03,3.11,Ya
3.10,3.17,3.28,3.46,Ya
3.40,3.24,3.28,3.46,Ya
2.90,3.09,3.14,3.38,Ya
3.18,2.89,3.28,3.30,Ya
2.92,2.83,3.22,3.12,Ya
1.70,1.54,2.28,1.56,Ya
2.50,2.37,2.92,3.36,Ya
3.02,2.78,2.81,3.10,Ya
3.42,3.48,3.28,3.74,Ya
3.62,3.55,3.64,3.72,Ya
3.40,3.33,3.14,3.63,Ya
3.60,3.47,3.36,3.73,Ya
2.40,2.22,3.22,3.20,Ya
3.25,2.90,3.03,3.50,Tidak
3.15,3.17,3.14,3.38,Ya
3.32,2.93,3.22,3.59,Ya
3.18,2.60,3.25,3.20,Tidak
3.32,3.07,3.31,3.48,Ya
3.62,3.10,3.03,3.57,Tidak
3.22,2.86,2.86,3.19,Ya
2.51,1.35,2.77,2.98,Ya
2.67,1.77,2.96,3.06,Ya
2.67,1.46,3.42,3.12,Ya
2.38,1.55,2.79,3.52,Ya
2.20,2.39,2.85,3.00,Ya
2.91,2.55,3.09,2.93,Ya
3.10,2.72,3.40,3.10,Tidak
3.23,2.78,3.35,2.83,Ya
3.21,2.27,3.00,2.45,Ya
3.40,3.06,3.56,3.02,Ya
3.47,3.32,3.77,3.29,Ya
3.10,2.45,3.04,2.88,Ya
2.46,2.61,3.08,2.48,Ya
2.66,2.77,3.03,3.26,Ya
3.07,3.31,3.37,3.42,Ya
2.97,2.81,3.11,3.34,Ya
3.02,2.83,3.00,3.51,Ya
3.47,2.95,3.30,3.74,Ya
3.05,2.95,3.29,3.57,Tidak
3.65,3.44,3.34,3.45,Ya
3.01,3.40,3.26,3.25,Tidak
1.90,1.62,3.24,3.34,Ya
3.01,3.05,3.03,3.31,Tidak
3.36,3.70,3.67,3.71,Ya
3.01,3.22,3.09,3.33,Tidak
3.29,3.24,3.25,3.25,Ya
2.76,2.61,3.16,3.34,Ya
3.22,2.48,3.13,3.25,Tidak
3.13,2.94,2.68,3.42,Ya
3.00,3.19,3.20,3.25,Ya
3.32,3.44,3.58,3.34,Tidak
3.39,2.59,3.00,2.19,Tidak
2.38,2.39,2.54,2.75,Tidak
2.62,2.93,2.63,2.25,Tidak
3.42,3.75,3.42,3.31,Ya
3.60,3.72,3.82,3.61,Ya
2.67,2.68,3.61,3.00,Tidak
3.25,2.92,2.87,2.83,Tidak
3.31,3.54,3.36,3.12,Tidak
2.76,2.85,3.03,3.21,Ya
3.19,3.11,3.19,2.41,Tidak
3.60,3.36,3.34,3.30,Tidak
3.86,3.64,3.49,3.45,Tidak
2.84,2.34,2.72,2.81,Tidak
3.47,3.42,3.57,3.65,Ya
3.34,3.22,3.31,3.43,Ya
3.60,3.53,3.44,3.59,Ya
3.39,3.14,3.17,3.39,Ya
3.26,3.05,3.36,3.51,Ya
3.31,3.22,3.65,3.66,Ya
3.28,3.23,3.12,3.27,Ya
3.21,3.11,3.12,3.33,Ya
3.27,3.20,3.32,3.43,Ya
3.45,3.48,3.38,3.55,Ya
3.32,3.14,3.14,3.42,Ya
3.33,3.07,3.12,3.41,Ya
3.24,3.10,3.25,3.51,Ya
3.23,3.14,3.11,3.23,Ya
3.42,3.33,3.56,3.64,Ya
3.28,3.42,3.29,3.50,Ya
3.44,3.12,3.17,3.49,Ya
3.25,3.24,3.21,3.37,Ya
3.38,3.06,2.96,3.28,Ya
3.39,3.20,3.26,3.55,Ya
3.55,3.53,3.60,3.64,Ya
3.22,3.00,2.96,3.25,Ya
3.19,3.03,3.24,3.28,Ya
3.19,3.33,3.37,3.69,Ya
3.03,3.25,3.25,3.53,Ya
3.15,3.52,3.55,3.76,Ya
3.20,3.57,3.49,3.68,Ya
3.17,3.36,3.80,3.74,Ya
3.16,3.51,3.67,3.55,Ya
3.11,3.04,3.16,3.27,Ya
2.99,3.06,3.32,3.36,Ya
3.15,3.43,3.41,3.73,Ya
3.14,3.32,3.37,3.56,Ya
3.12,3.49,3.53,3.75,Ya
3.06,3.05,3.18,3.36,Ya
3.01,3.10,3.11,3.40,Ya
3.02,3.05,3.26,3.38,Ya
3.02,2.99,3.21,3.47,Ya
3.08,3.05,3.22,3.49,Ya
3.09,3.14,3.32,3.39,Ya
3.00,3.05,3.09,3.44,Ya
3.17,3.26,3.62,3.66,Ya
3.02,3.11,3.11,3.26,Ya
2.73,3.23,3.29,2.94,Ya
3.04,3.15,3.56,2.92,Ya
3.22,3.38,3.61,3.81,Ya
2.94,2.80,3.63,2.85,Ya
2.38,2.98,3.35,2.73,Ya
3.04,2.96,3.15,3.54,Ya
3.57,3.25,3.35,3.20,Ya
3.40,3.29,3.52,3.05,Ya
3.52,3.29,3.58,3.18,Ya
3.57,3.35,3.58,3.45,Ya
3.43,3.38,3.54,3.11,Ya
3.59,3.50,3.58,3.30,Ya
3.36,3.35,3.35,3.02,Ya
3.68,3.65,3.71,3.52,Ya
3.36,3.42,3.29,3.10,Ya
3.34,3.27,3.52,3.07,Ya
3.30,3.23,3.55,3.07,Tidak
3.18,3.33,3.43,3.00,Ya
3.05,3.21,3.43,3.05,Tidak
3.32,3.35,3.52,3.28,Ya
3.57,3.27,3.23,3.09,Ya
3.45,3.29,3.64,3.39,Ya
3.09,3.25,3.42,3.14,Ya
3.11,3.19,3.06,3.12,Tidak
3.59,3.46,3.62,3.45,Ya
3.30,3.46,3.55,3.25,Ya
3.30,3.27,3.56,3.28,Ya
3.22,3.06,3.42,3.05,Ya
3.27,3.34,3.59,3.11,Ya
3.52,3.23,3.48,3.28,Ya
3.77,3.52,3.57,3.41,Ya
3.68,3.58,3.72,3.45,Ya
3.18,3.04,3.38,3.14,Ya
3.25,3.21,3.23,3.22,Ya
3.25,3.08,3.31,2.91,Tidak
3.32,3.59,3.45,3.30,Ya
3.36,3.35,3.33,3.34,Ya
3.14,3.27,3.52,3.08,Ya
3.19,3.25,3.58,3.50,Ya
2.91,3.06,3.32,3.38,Tidak
3.23,3.30,3.15,3.39,Ya
3.43,3.60,3.38,3.59,Ya
3.57,3.67,3.48,3.57,Ya
3.16,3.31,3.05,3.61,Ya
3.59,3.67,3.52,3.64,Ya
3.34,3.19,2.98,3.39,Ya
3.50,3.55,3.65,3.66,Ya
3.50,3.58,3.48,3.61,Ya
3.36,3.34,3.44,3.59,Ya
3.50,3.66,3.41,3.57,Ya
3.57,3.59,3.33,3.52,Ya
3.58,3.52,3.38,3.59,Ya
3.64,3.54,3.43,3.66,Ya
3.50,3.48,3.31,3.50,Ya
3.45,3.50,3.67,3.70,Ya
3.50,3.58,3.48,3.68,Ya
3.09,3.52,3.48,3.66,Ya
3.55,3.52,3.52,3.61,Ya
3.62,3.62,3.54,3.68,Ya
3.27,3.45,3.62,3.75,Ya
3.60,3.73,3.54,3.61,Ya
3.30,3.50,3.20,3.41,Ya
3.61,3.59,3.36,3.66,Ya
3.61,3.54,3.35,3.73,Ya
3.43,3.38,3.46,3.66,Ya
3.66,3.62,3.71,3.68,Ya
3.36,3.42,3.25,3.34,Ya
3.35,3.27,3.27,3.43,Ya
3.15,2.86,3.52,3.08,Tidak
3.57,3.65,3.60,3.80,Ya
3.43,3.47,3.43,3.59,Ya
3.38,3.47,3.27,3.55,Ya
3.65,3.31,3.64,3.14,Ya
3.38,3.33,3.23,3.59,Ya
3.48,3.42,3.33,3.30,Ya
3.12,3.40,3.27,3.30,Ya
3.09,3.40,3.38,3.20,Ya
3.64,3.69,3.64,3.59,Ya
3.05,3.08,3.15,3.20,Ya
3.26,3.40,3.38,3.43,Ya
3.58,3.55,3.46,3.36,Ya
3.08,3.38,3.00,3.14,Ya
3.06,3.30,3.33,3.34,Ya
2.98,2.68,3.16,3.15,Ya
3.35,3.25,3.27,3.25,Ya
3.05,3.06,3.17,2.91,Ya
3.20,3.23,3.29,3.27,Ya
3.69,3.71,3.67,3.57,Ya
3.40,2.98,3.25,3.23,Ya
3.52,3.50,3.59,3.64,Ya
3.52,3.38,3.52,3.64,Ya
3.65,3.47,3.46,3.66,Ya
3.71,3.60,3.71,3.55,Ya
3.52,3.31,3.52,3.48,Ya
3.65,3.40,3.65,3.58,Ya
3.60,3.40,3.54,3.66,Ya
3.62,3.60,3.52,3.68,Ya
3.73,3.62,3.67,3.75,Ya
3.42,2.97,3.29,3.24,Ya
3.60,3.31,3.44,3.73,Ya
3.54,3.40,3.48,3.68,Ya
3.54,3.58,3.56,3.89,Ya
3.73,3.54,3.64,3.70,Ya
3.52,3.46,3.45,3.73,Ya
3.67,3.56,3.50,3.57,Ya
2.71,3.39,3.39,3.43,Ya
3.58,3.42,3.27,3.67,Ya
3.48,3.08,3.40,3.50,Ya
3.17,3.35,3.33,3.34,Tidak
3.32,3.21,3.44,3.39,Ya
3.53,3.62,3.65,3.50,Ya
3.45,3.48,3.58,3.80,Ya
3.35,3.48,3.66,3.32,Tidak
3.40,3.44,3.33,3.48,Ya
3.31,3.32,3.30,3.47,Ya
3.44,3.45,3.38,3.46,Ya
3.27,3.18,3.27,3.45,Ya
3.19,3.27,3.40,3.52,Ya
3.38,3.43,3.27,3.42,Ya
3.29,3.27,3.20,3.42,Ya
3.45,3.20,3.34,3.40,Ya
3.52,3.43,3.30,3.47,Ya
3.44,3.39,3.32,3.38,Ya
3.54,3.52,3.46,3.56,Ya
3.19,3.43,2.00,3.33,Ya
3.48,2.96,3.29,3.36,Ya
3.60,3.27,3.50,3.47,Ya
3.46,3.30,3.38,3.43,Ya
3.52,3.57,3.46,3.54,Ya
3.31,3.14,3.27,3.38,Ya
3.19,3.16,3.38,3.45,Ya
3.06,3.14,3.44,3.48,Ya
3.17,3.05,3.38,3.50,Ya
2.88,2.98,3.35,3.54,Tidak
2.98,3.25,3.31,3.46,Ya
3.27,3.11,3.33,3.52,Ya
3.06,3.16,3.48,3.52,Tidak
3.12,3.14,3.27,3.47,Tidak
3.15,3.05,3.48,3.58,Ya
3.03,3.11,3.29,3.43,Tidak
3.10,3.11,3.33,3.48,Ya
3.00,3.09,3.17,3.46,Ya
3.00,3.20,3.27,3.52,Ya
3.12,3.11,3.23,3.48,Ya
3.25,3.41,3.40,3.48,Ya
3.08,3.52,3.40,3.45,Ya
3.38,3.34,3.50,3.44,Ya
3.21,3.25,3.44,3.46,Ya
3.15,3.41,3.25,3.55,Ya
3.23,3.43,3.35,3.54,Ya
3.10,3.20,3.42,3.46,Ya
3.10,3.18,3.33,3.53,Ya
3.06,3.27,3.35,3.48,Ya
3.29,3.50,3.50,3.48,Ya
3.19,3.27,3.25,3.46,Ya
3.06,3.30,3.35,3.47,Ya
3.48,3.64,3.56,3.54,Ya
3.14,3.43,3.31,3.46,Ya
3.15,3.33,3.46,3.46,Ya
3.18,3.11,3.34,3.47,Ya
2.99,3.28,3.09,3.45,Tidak
3.31,3.47,3.34,3.36,Ya
3.48,3.70,3.50,3.38,Ya
3.43,3.25,3.07,3.08,Ya
3.27,3.75,3.58,3.46,Ya
3.48,3.50,3.55,3.35,Ya
3.39,3.47,3.42,3.33,Ya
3.62,3.67,3.63,3.67,Ya
3.58,3.31,3.53,3.50,Ya
3.23,3.47,3.48,3.38,Ya
3.70,3.53,3.66,3.65,Ya
3.64,3.54,3.55,3.54,Ya
3.46,3.55,3.55,3.30,Ya
3.08,3.18,2.50,3.30,Ya
3.46,3.23,3.54,3.39,Ya
3.52,3.41,3.45,3.27,Ya
3.00,2.95,3.31,3.20,Ya
3.26,3.25,3.54,3.40,Ya
2.96,2.98,3.33,3.43,Ya
3.22,3.15,3.12,3.16,Ya
3.30,3.23,3.27,3.48,Ya
3.07,3.41,3.42,3.34,Ya
3.56,3.45,3.38,3.35,Ya
3.40,3.16,3.29,3.28,Ya
3.45,3.36,2.48,3.08,Ya
3.65,3.34,3.54,3.45,Ya
3.59,3.18,3.38,3.56,Ya
3.46,3.25,3.31,3.20,Ya
3.53,3.34,3.33,3.45,Ya
3.67,3.30,3.44,3.41,Ya
3.71,3.45,3.54,3.43,Ya
3.72,3.39,3.58,3.64,Ya
3.46,3.25,3.44,3.50,Ya
3.71,3.30,3.42,3.48,Ya
3.70,3.30,3.38,3.59,Ya
3.58,3.37,3.50,3.42,Ya
3.47,3.36,3.55,3.55,Ya
3.47,3.42,3.53,3.65,Ya
3.52,3.61,3.37,3.35,Ya
3.42,3.59,3.06,3.42,Ya
3.22,3.45,3.36,3.32,Ya
3.56,3.66,3.49,3.52,Ya
3.58,3.77,3.51,3.52,Ya
3.22,3.33,3.07,3.10,Ya
3.16,3.40,3.05,3.20,Ya
3.12,3.50,3.48,3.35,Tidak
3.09,3.34,3.32,3.05,Ya
3.17,3.25,3.51,3.58,Ya
3.25,3.33,3.42,3.52,Ya
3.55,3.58,3.61,3.55,Ya
3.41,3.33,3.50,3.45,Ya
3.56,3.53,3.57,3.60,Ya
3.28,3.28,3.32,3.45,Ya
3.30,3.25,3.44,3.62,Ya
3.34,3.45,3.45,3.62,Ya
3.06,3.32,3.21,3.02,Ya
3.42,3.45,3.29,3.18,Tidak
3.57,3.45,3.65,3.62,Ya
3.39,3.30,3.56,3.55,Ya
3.31,3.50,3.58,3.66,Ya
2.93,3.22,3.47,3.00,Ya
2.72,3.22,3.22,2.86,Ya
3.52,3.18,3.40,3.18,Ya
3.35,3.19,3.42,3.40,Ya
3.11,3.31,3.22,3.19,Ya
3.01,3.14,2.48,2.90,Ya
3.44,3.36,3.25,3.28,Ya
3.28,3.56,2.82,3.44,Ya
3.03,3.28,3.31,3.17,Ya
3.21,3.28,3.38,3.30,Ya
2.95,3.16,3.01,2.82,Ya
3.31,3.40,3.16,3.20,Ya
3.10,2.81,3.28,3.30,Ya
3.31,3.47,2.83,2.93,Ya
3.05,3.03,3.03,2.93,Tidak
3.31,3.44,3.24,3.50,Ya
3.44,3.62,3.67,3.60,Ya
3.22,3.45,3.38,3.62,Ya
3.15,3.53,3.62,3.62,Ya
3.24,3.39,3.51,3.42,Ya
3.25,3.48,3.35,3.38,Ya
3.47,3.58,3.73,3.70,Ya
3.38,3.47,3.52,3.52,Ya
3.33,3.48,3.48,3.78,Ya
3.11,3.25,3.49,3.50,Ya
3.46,3.58,3.67,3.60,Ya
3.12,3.42,3.55,3.50,Ya
3.28,3.50,3.44,3.60,Ya
3.31,3.20,3.36,3.40,Ya
3.39,3.62,3.62,3.52,Ya
3.19,3.40,3.48,3.39,Ya
3.47,3.62,3.58,3.70,Ya
3.32,3.58,3.49,3.55,Ya
3.40,3.50,3.58,3.58,Ya
3.12,3.25,3.26,3.07,Ya
3.70,3.78,3.71,3.55,Ya
2.83,3.61,3.25,3.24,Tidak
3.61,3.68,3.39,3.32,Ya
3.26,3.54,2.99,3.16,Ya
3.54,3.69,3.28,3.51,Ya
3.28,3.51,3.72,3.31,Ya
3.00,3.14,3.30,3.02,Ya
3.10,3.08,3.53,3.22,Ya
3.07,3.20,3.63,3.48,Ya
3.17,3.17,3.47,3.34,Ya
3.52,3.10,3.37,3.32,Ya
3.40,3.10,3.21,3.20,Ya
3.20,3.20,3.32,3.04,Ya
2.78,3.18,3.38,3.25,Tidak
3.41,3.46,3.53,3.63,Ya
3.28,3.35,3.54,3.39,Ya
3.52,3.41,3.49,3.14,Ya
3.43,3.49,3.75,3.65,Ya
3.10,3.28,3.11,3.12,Ya
3.45,3.11,3.73,3.52,Ya
3.00,3.17,3.68,3.01,Ya
3.32,3.21,2.99,2.93,Ya
3.33,3.61,3.58,3.34,Ya
3.28,3.28,3.54,3.33,Ya
3.44,3.41,3.67,3.39,Ya
3.45,3.58,3.67,3.44,Ya
3.38,3.30,3.66,3.46,Ya
3.38,3.48,3.64,3.49,Ya
3.50,3.62,3.54,3.62,Ya
3.45,3.40,3.41,3.55,Ya
3.52,3.30,3.51,3.38,Ya
3.32,3.27,3.45,3.32,Ya
3.45,3.16,3.38,3.35,Ya
3.45,3.35,3.51,3.51,Ya
3.48,3.74,3.74,3.51,Ya
3.38,3.61,3.45,3.49,Ya
3.48,3.57,3.64,3.59,Ya
3.45,3.60,3.54,3.65,Ya
3.45,3.46,3.51,3.67,Ya
3.52,3.35,3.54,3.49,Ya
3.08,3.21,3.18,3.12,Ya
3.35,3.23,3.38,3.38,Ya
3.25,3.28,3.38,3.61,Ya
3.50,3.50,3.25,3.64,Ya
3.31,3.20,2.79,2.94,Ya
2.98,3.06,3.38,3.30,Ya
3.42,3.28,3.48,3.41,Ya
3.28,3.10,3.28,3.31,Ya
3.52,3.64,3.58,3.20,Ya
3.48,3.60,3.45,3.66,Ya
3.03,3.51,3.29,3.53,Ya
3.15,3.30,3.45,3.71,Ya
3.02,3.08,2.97,3.09,Ya
3.02,3.28,3.35,3.55,Ya
3.00,3.11,3.36,3.63,Ya
3.20,3.09,3.37,3.53,Ya
3.11,3.07,3.12,3.29,Ya
2.98,3.14,3.32,3.53,Ya
2.95,3.19,3.15,3.03,Ya
2.90,3.12,2.97,3.19,Ya
3.11,3.21,3.18,3.53,Ya
2.98,3.19,3.61,3.35,Ya
3.30,3.33,3.41,3.16,Ya
3.55,3.45,2.92,3.23,Tidak
3.23,3.15,3.07,3.30,Ya
3.21,3.33,3.24,3.32,Ya
3.39,3.13,3.21,3.36,Ya
3.60,3.65,3.49,3.36,Ya
3.19,3.31,3.13,3.23,Ya
3.76,3.80,3.79,3.51,Ya
3.36,3.42,3.36,3.18,Ya
3.05,3.43,3.38,3.33,Ya
3.26,3.37,3.33,3.26,Ya
3.43,3.27,3.32,3.32,Ya
3.38,3.38,3.48,3.26,Ya
3.28,3.38,3.51,3.54,Ya
3.25,3.19,3.35,3.33,Ya
3.19,3.32,3.38,3.22,Ya
3.24,3.39,3.45,3.22,Ya
3.57,3.50,3.57,3.32,Ya
3.31,3.45,3.58,3.35,Ya
3.40,3.68,3.40,3.36,Ya
3.61,3.65,3.54,3.29,Tidak
3.73,3.74,3.57,3.39,Ya
3.33,3.40,3.44,3.26,Ya
3.36,3.32,3.36,3.28,Tidak
2.86,2.26,2.84,3.20,Tidak
2.78,3.09,3.45,3.30,Ya
3.07,3.27,3.38,3.26,Ya
2.77,3.04,3.36,3.07,Ya
2.45,2.28,2.17,3.36,Ya
1.45,1.09,2.59,2.66,Tidak
2.95,2.95,3.24,3.19,Ya
2.19,2.43,2.43,3.17,Tidak
3.17,3.54,3.42,3.49,Ya
2.75,3.17,2.93,3.33,Ya
2.59,3.28,3.36,3.58,Tidak
3.08,3.11,3.18,3.42,Ya
3.12,3.58,3.45,3.66,Ya
3.32,3.60,3.70,3.65,Ya
2.89,3.34,3.27,3.72,Tidak
2.58,2.75,2.61,3.65,Tidak
2.57,1.64,3.21,1.75,Tidak
3.06,2.39,3.53,1.75,Ya
2.80,2.39,2.24,1.75,Ya
3.02,2.77,2.60,3.50,Ya
2.98,2.80,3.49,3.25,Ya
2.86,2.78,3.03,3.50,Ya
3.11,2.88,2.34,3.50,Ya
3.32,2.95,3.47,3.50,Ya
3.14,2.93,3.60,3.50,Ya
3.25,3.16,3.66,3.50,Ya
3.39,2.85,3.16,3.50,Tidak
2.89,3.32,3.45,3.25,Ya
3.05,2.92,3.17,3.20,Ya
3.13,3.32,3.29,3.06,Tidak
3.16,3.12,3.19,3.35,Ya
3.31,3.04,3.25,3.38,Ya
2.40,2.41,2.87,3.17,Tidak
3.28,3.31,3.33,3.04,Ya
3.36,3.44,3.35,3.26,Ya
3.63,3.45,3.48,3.44,Ya
3.18,3.38,3.25,3.09,Tidak
3.65,3.76,3.20,3.37,Ya
2.89,3.27,2.68,2.12,Tidak
3.12,3.00,3.12,3.11,Tidak
3.29,3.41,3.26,2.99,Tidak
3.59,3.62,3.34,3.38,Tidak
2.94,3.26,3.32,1.68,Tidak
3.29,3.30,3.24,3.08,Ya
3.15,3.26,3.05,2.79,Ya
3.50,3.44,3.56,3.38,Ya
3.17,3.19,3.23,3.12,Ya
3.50,3.53,3.37,3.04,Ya
3.34,3.38,3.39,3.27,Ya
3.41,3.47,3.60,3.18,Ya
3.25,3.38,3.44,3.20,Ya
3.39,3.59,3.55,3.29,Ya
3.34,3.26,3.32,3.02,Ya
3.48,3.41,3.61,3.36,Ya
3.58,3.51,3.30,3.04,Ya
3.49,3.49,3.63,3.51,Ya
2.89,2.77,2.71,2.65,Ya
3.20,3.24,3.20,3.08,Ya
3.30,3.49,3.49,3.47,Ya
3.43,3.50,3.23,3.18,Ya
3.08,2.92,2.75,2.89,Ya
3.14,3.05,2.83,2.98,Ya
3.28,3.48,3.42,3.09,Ya
3.01,2.90,2.71,2.76,Ya
3.20,3.15,3.15,2.92,Ya
3.47,3.41,3.42,3.17,Ya
3.38,3.41,3.14,2.97,Ya
3.53,3.39,3.56,3.20,Ya
3.53,3.69,3.73,3.78,Ya
3.12,3.12,3.18,3.18,Ya
3.32,3.40,3.30,3.22,Ya
3.34,3.49,3.52,3.38,Ya
3.38,3.45,3.55,3.12,Ya
3.19,3.15,3.06,2.99,Ya
3.60,3.48,3.60,3.27,Ya
3.07,3.17,3.01,3.26,Ya
3.25,3.24,3.29,3.53,Ya
3.08,3.19,3.00,3.40,Ya
3.40,3.32,3.42,3.66,Ya
3.50,3.60,3.76,3.75,Ya
3.20,3.14,3.29,3.40,Ya
3.30,3.35,3.39,3.60,Ya
3.52,3.76,3.78,3.91,Ya
3.09,3.12,3.03,3.18,Ya
3.11,3.15,3.11,3.33,Ya
3.22,3.30,3.51,3.59,Ya
3.07,3.21,3.11,3.41,Ya
3.17,3.23,3.18,3.45,Ya
3.22,3.19,3.09,3.39,Ya
3.19,3.37,3.58,3.60,Ya
3.07,3.20,3.16,3.32,Ya
3.32,3.39,3.50,3.66,Ya
3.24,3.54,3.67,3.60,Ya
3.17,3.29,3.30,3.49,Ya
3.16,3.14,3.12,3.35,Ya
3.11,3.11,3.05,3.20,Ya
3.22,3.17,3.13,3.36,Ya
3.30,3.26,3.39,3.50,Ya
3.31,3.51,3.45,3.62,Ya
2.86,2.73,3.36,3.15,Tidak
3.30,3.55,3.44,3.65,Ya
2.97,2.75,3.36,3.01,Ya
3.08,2.91,3.43,3.37,Tidak
3.14,3.11,3.21,3.20,Ya
3.15,3.05,3.43,3.09,Ya
2.90,2.75,3.09,3.11,Ya
3.61,3.62,3.68,3.25,Ya
3.60,3.50,3.35,3.18,Ya
3.60,3.75,3.61,3.45,Ya
3.25,3.50,3.54,3.39,Ya
3.75,3.50,3.68,3.66,Ya
3.40,3.42,3.64,3.32,Ya
3.52,3.84,3.67,3.50,Ya
3.18,3.21,3.36,3.48,Ya
3.12,3.00,3.23,3.34,Ya
3.12,3.00,3.40,3.35,Ya
3.23,2.96,3.19,3.32,Ya
3.31,3.15,3.27,3.34,Ya
3.05,2.92,3.00,3.38,Ya
3.14,3.23,3.25,3.45,Ya
3.06,3.12,3.00,3.31,Ya
3.25,3.02,3.32,3.43,Ya
3.18,3.12,3.41,3.52,Ya
3.00,2.85,2.81,3.35,Ya
3.23,3.28,3.54,3.57,Ya
3.15,3.05,3.27,3.52,Ya
3.18,2.93,3.16,3.08,Ya
3.00,3.23,3.39,3.43,Ya
3.03,3.02,3.23,3.43,Ya
3.25,2.96,3.36,3.45,Ya
3.12,3.10,3.32,3.48,Ya
3.28,3.23,3.18,3.36,Ya
3.09,3.09,3.48,3.50,Ya
3.07,2.89,3.25,3.35,Ya
3.11,2.90,3.23,3.45,Ya
3.12,3.20,3.06,3.32,Ya
3.02,3.15,3.23,3.29,Ya
3.02,3.19,3.34,3.41,Ya
3.14,3.45,3.42,3.43,Ya
3.30,3.58,3.48,3.52,Ya
2.86,3.21,3.08,3.19,Ya
3.07,3.23,3.38,3.43,Ya
3.22,3.40,3.30,3.45,Ya
3.30,3.42,3.29,3.43,Ya
3.10,3.17,3.32,3.23,Ya
3.25,3.40,3.36,3.43,Ya
3.10,3.10,3.25,3.35,Ya
3.33,3.50,3.31,3.52,Ya
3.09,3.37,3.23,3.34,Ya
3.22,3.31,3.30,3.45,Ya
3.02,3.48,3.15,3.33,Ya
3.20,3.15,3.35,3.40,Ya
3.11,3.19,3.32,3.48,Ya
3.48,3.35,3.48,3.34,Ya
3.38,3.27,3.48,3.58,Ya
3.55,3.50,3.42,3.55,Ya
3.40,3.62,3.55,3.55,Ya
3.45,3.38,3.45,3.55,Ya
3.55,3.65,3.59,3.61,Ya
3.52,3.44,3.36,3.43,Ya
3.68,3.67,3.41,3.61,Ya
3.65,3.48,3.39,3.64,Ya
3.42,3.48,3.33,3.50,Ya
3.42,3.62,3.42,3.59,Ya
3.48,3.44,3.41,3.48,Ya
3.52,3.50,3.41,3.48,Ya
3.48,3.50,3.41,3.57,Ya
3.52,3.52,3.48,3.66,Ya
3.60,3.42,3.39,3.59,Ya
3.55,3.60,3.34,3.41,Ya
3.50,3.46,3.32,3.39,Ya
3.34,3.61,3.20,3.45,Ya
3.52,3.40,3.36,3.52,Ya
3.45,3.44,3.23,3.32,Ya
3.48,3.50,3.36,3.34,Ya
3.65,3.56,3.25,3.55,Ya
3.55,3.39,3.45,3.50,Ya
3.62,3.62,3.43,3.52,Ya
3.28,3.27,3.27,3.48,Ya
3.50,3.65,3.23,3.52,Ya
3.48,3.60,3.34,3.43,Ya
3.75,3.81,3.64,3.73,Ya
3.45,3.40,3.36,3.48,Ya
3.48,3.50,3.27,3.57,Ya
3.58,3.58,3.48,3.48,Ya
3.61,3.42,3.25,3.50,Ya
3.42,3.60,3.45,3.55,Ya
3.10,3.14,3.39,3.39,Ya
3.55,3.46,3.39,3.64,Ya
3.58,3.62,3.45,3.57,Ya
3.62,3.75,3.52,3.59,Ya
3.00,2.94,3.07,3.50,Ya
3.44,3.35,3.16,3.50,Ya
3.46,3.06,3.39,3.45,Ya
3.34,3.32,3.27,3.25,Ya
3.11,3.38,2.94,3.20,Ya
3.30,3.35,3.38,3.18,Ya
3.48,3.64,3.42,3.28,Ya
3.25,3.34,3.32,3.38,Ya
3.20,3.48,3.15,3.22,Ya
3.50,3.50,3.47,3.25,Ya
3.32,3.55,3.25,3.20,Ya
3.23,3.32,3.23,3.25,Ya
3.18,3.23,3.05,3.15,Ya
3.20,3.43,3.48,3.62,Ya
3.45,3.45,3.15,3.06,Ya
3.64,3.52,3.57,3.55,Ya
3.32,3.55,3.25,3.18,Ya
3.39,3.00,2.98,2.67,Ya
3.09,3.28,3.18,3.30,Ya
3.36,3.36,3.23,3.20,Ya
3.14,3.32,3.16,2.71,Ya
3.34,2.91,3.30,3.28,Ya
3.45,3.39,3.35,3.39,Ya
3.36,3.50,3.32,3.20,Ya
3.32,3.40,3.25,3.28,Ya
3.43,3.41,3.32,3.50,Ya
3.17,3.43,3.45,3.10,Ya
3.48,3.41,3.18,3.35,Ya
3.55,3.45,3.19,3.38,Ya
3.41,3.62,3.48,3.38,Ya
3.05,3.46,3.23,3.41,Ya
3.20,3.25,2.91,3.16,Ya
3.16,3.43,3.35,3.48,Ya
2.94,3.22,2.90,3.27,Ya
3.30,3.45,3.30,3.40,Ya
3.60,3.50,3.57,3.70,Ya
3.55,3.42,3.40,3.59,Ya
3.55,3.57,3.59,3.62,Ya
3.68,3.75,3.73,3.62,Ya
3.20,3.35,3.52,3.62,Ya
3.50,3.40,3.52,3.55,Ya
3.50,3.45,3.27,3.38,Ya
3.32,3.45,3.27,3.23,Ya
3.42,3.42,3.41,3.75,Ya
3.64,3.55,3.57,3.68,Ya
3.36,3.35,3.43,3.52,Ya
3.52,3.65,3.57,3.52,Ya
3.45,3.22,3.39,3.40,Ya
3.27,3.45,3.45,3.55,Ya
3.73,3.48,3.55,3.68,Ya
3.55,3.58,3.30,3.45,Ya
3.48,3.48,3.50,3.42,Ya
3.39,3.44,3.25,3.35,Ya
3.34,3.22,3.50,3.15,Ya
3.50,3.25,3.25,3.38,Ya
3.39,3.30,3.56,3.45,Ya
3.52,3.58,3.20,3.60,Ya
3.45,3.45,3.61,3.40,Ya
3.64,3.55,3.61,3.72,Ya
3.50,3.60,3.45,3.55,Ya
3.62,3.43,3.34,3.43,Ya
3.08,3.43,3.29,3.13,Ya
3.21,3.43,2.88,3.21,Ya
3.23,3.36,3.04,3.44,Ya
3.25,3.23,3.15,3.16,Ya
2.98,3.25,3.23,3.41,Ya
3.19,3.27,3.06,3.39,Tidak
3.29,3.25,3.12,3.46,Ya
3.33,3.25,3.27,3.25,Ya
3.02,3.27,3.11,3.46,Ya
3.25,3.23,3.10,3.44,Ya
3.61,3.55,3.43,3.70,Ya
3.50,3.32,3.08,3.38,Ya
3.56,3.41,3.48,3.46,Ya
3.48,3.41,3.35,3.52,Ya
2.98,3.16,3.33,3.35,Ya
3.50,3.27,3.15,3.34,Ya
3.31,3.20,3.12,3.46,Ya
3.46,3.27,3.12,3.46,Ya
3.27,3.41,3.23,3.69,Ya
3.48,3.48,3.58,3.65,Ya
3.52,3.09,3.31,3.62,Ya
3.50,3.02,2.96,3.32,Ya
3.50,3.39,3.29,3.50,Ya
3.42,3.50,3.35,3.50,Ya
3.08,3.47,3.12,3.46,Ya
3.44,3.36,3.23,3.48,Ya
3.29,3.11,3.10,3.27,Ya
3.34,3.32,3.38,3.33,Ya
3.33,3.23,3.42,3.48,Ya
3.34,3.00,3.52,3.40,Ya
3.48,3.18,3.44,3.58,Ya
3.44,3.27,3.31,3.44,Ya
3.33,3.25,3.42,3.31,Ya
3.40,3.34,3.44,3.60,Ya
3.25,3.25,3.35,3.50,Ya
3.29,2.95,3.40,3.42,Ya
3.46,3.20,3.50,3.54,Ya
3.40,3.39,3.48,3.62,Ya
3.31,3.27,3.52,3.56,Ya
3.35,3.34,3.48,3.62,Ya
3.48,3.27,3.50,3.60,Ya
3.40,3.25,3.50,3.58,Ya
3.35,3.34,3.48,3.58,Ya
3.38,3.27,3.52,3.56,Ya
3.42,3.27,3.38,3.62,Ya
3.33,3.23,3.46,3.60,Ya
3.38,3.39,3.56,3.67,Ya
3.42,3.36,3.50,3.58,Ya
3.25,3.34,3.44,3.60,Ya
3.38,3.41,3.40,3.56,Ya
3.38,3.16,3.50,3.56,Ya
3.29,3.41,3.38,3.48,Ya
3.35,3.39,3.48,3.58,Ya
3.46,3.59,3.25,3.12,Ya
3.52,3.31,3.14,3.32,Tidak
3.39,3.33,3.27,3.35,Ya
3.50,3.52,3.23,3.48,Ya
3.61,3.44,3.14,3.65,Ya
3.57,3.33,3.18,3.52,Ya
3.52,3.44,3.23,3.43,Ya
3.59,3.40,3.11,3.45,Ya
3.39,3.16,3.07,3.14,Ya
3.43,3.04,3.34,3.45,Ya
3.48,3.52,3.42,3.48,Ya
3.66,3.60,3.23,3.45,Ya
3.43,3.48,3.02,2.92,Ya
3.55,3.44,3.11,3.38,Ya
3.59,3.75,3.43,3.50,Ya
3.59,3.56,3.41,3.48,Ya
3.75,3.90,3.55,3.72,Ya
3.33,3.56,3.20,3.45,Ya
3.64,3.62,3.43,3.42,Ya
3.45,3.46,3.27,3.48,Ya
3.64,3.60,3.41,3.50,Ya
3.40,3.25,3.19,3.15,Ya
3.35,3.42,3.50,3.39,Ya
3.22,3.33,3.46,3.25,Ya
3.00,3.32,3.40,3.31,Ya
3.17,3.30,3.27,3.50,Ya
3.33,3.25,3.20,3.36,Ya
3.32,3.44,3.44,3.45,Ya
3.28,3.35,3.42,3.48,Ya
3.31,3.20,3.31,3.34,Ya
3.28,3.20,3.06,3.14,Ya
3.22,3.22,3.27,3.23,Ya
3.32,3.32,3.33,3.47,Ya
2.92,3.20,3.12,3.16,Ya
3.02,3.05,3.10,3.34,Ya
3.22,3.45,3.54,3.20,Ya
3.30,3.38,3.45,3.36,Ya
3.20,3.32,3.23,3.35,Ya
3.25,3.38,3.48,3.43,Ya
3.53,3.39,3.19,3.42,Ya
3.05,3.20,3.33,3.41,Ya
3.30,3.48,2.96,3.09,Ya
3.27,3.18,3.27,3.31,Ya
3.05,3.28,3.21,3.40,Ya
3.15,3.38,3.50,3.43,Ya
3.60,3.60,3.56,3.55,Ya
3.55,3.25,3.12,3.08,Ya
3.36,3.62,3.52,3.55,Ya
3.19,3.45,3.17,3.11,Ya
3.18,3.42,3.19,3.23,Ya
3.39,3.30,3.19,3.20,Ya
3.56,3.50,3.12,3.04,Ya
3.35,3.62,3.42,3.32,Ya
3.68,3.48,3.27,3.39,Ya
3.62,3.52,3.52,3.39,Ya
3.35,3.28,3.35,3.50,Ya
3.39,3.50,3.17,3.09,Ya
3.35,3.28,3.27,3.39,Ya
3.35,3.08,3.18,3.09,Ya
3.59,3.20,3.38,3.15,Ya
3.50,3.45,3.44,3.35,Ya
3.55,3.65,3.58,3.64,Ya
3.52,3.35,3.42,3.30,Ya
3.50,3.22,3.33,3.48,Ya
3.33,3.25,3.17,3.16,Ya
3.32,3.18,3.23,3.30,Ya
3.42,3.18,3.18,3.06,Ya
3.52,3.42,3.23,3.28,Ya
3.40,3.30,3.12,3.39,Ya
3.36,3.18,3.31,2.91,Ya
3.32,3.25,3.17,3.18,Ya
2.66,3.05,3.04,1.28,Ya
3.38,3.30,3.28,3.44,Ya
3.49,3.15,3.36,3.48,Ya
3.53,3.65,3.68,3.66,Ya
3.50,3.28,3.28,3.48,Ya
3.44,3.33,3.60,3.61,Ya
3.26,3.31,3.48,3.27,Ya
3.54,3.50,3.41,3.67,Ya
3.47,3.40,3.48,3.61,Ya
3.55,3.48,3.59,3.70,Ya
3.25,3.65,3.58,3.59,Ya
3.58,3.38,3.55,3.68,Ya
3.72,3.75,3.73,3.69,Ya
3.29,3.06,3.15,3.21,Ya
2.92,2.70,2.89,3.25,Ya
3.20,2.90,3.06,3.25,Ya
2.98,2.70,2.96,2.92,Ya
3.23,3.16,3.16,2.84,Ya
3.40,3.33,3.29,3.33,Ya
3.45,3.06,3.19,3.52,Ya
3.44,3.39,3.38,3.54,Ya
3.50,3.50,3.44,3.52,Ya
3.28,3.14,3.19,3.14,Ya
3.18,3.22,3.14,3.35,Ya
3.08,3.04,3.07,3.06,Ya
2.93,3.03,3.10,3.15,Ya
3.23,3.12,3.20,3.35,Ya
3.07,3.19,3.39,3.38,Ya
3.36,3.25,3.33,3.60,Ya
3.66,3.67,3.75,3.83,Ya
3.52,3.44,3.21,3.50,Ya
3.52,3.25,3.52,3.67,Ya
3.32,3.00,3.08,3.27,Ya
3.15,3.06,3.19,3.15,Ya
3.52,3.50,3.67,3.67,Ya
3.11,3.50,3.46,3.46,Ya
3.39,3.31,3.35,3.50,Ya
3.32,3.36,3.62,3.52,Ya
3.48,3.50,3.65,3.73,Ya
2.98,3.41,3.47,3.60,Ya
3.32,3.22,3.42,3.55,Ya
2.98,3.41,3.32,3.45,Ya
2.86,3.14,3.37,3.44,Ya
3.28,3.25,3.15,3.19,Ya
3.00,3.42,2.92,2.85,Ya
2.94,3.25,3.12,2.81,Ya
3.31,3.31,3.12,3.46,Ya
3.23,3.48,3.50,3.79,Ya
2.92,3.14,3.20,3.50,Ya
2.88,3.05,2.92,3.27,Ya
3.24,3.14,3.48,3.62,Ya
3.24,2.65,3.40,3.75,Ya
3.19,3.60,3.41,3.59,Ya
2.90,3.01,2.93,3.47,Ya
2.97,2.99,3.25,3.38,Ya
3.26,3.45,3.55,3.75,Ya
3.49,3.59,3.47,3.66,Ya
3.12,3.38,3.40,3.53,Ya
3.56,3.51,3.51,3.78,Ya
2.85,3.35,3.09,3.08,Ya
3.05,3.46,3.11,3.50,Ya
3.34,3.35,3.78,3.59,Ya
2.64,3.35,3.08,3.47,Ya
2.84,3.11,3.06,3.17,Ya
3.19,2.88,3.29,3.19,Ya
3.58,3.81,3.64,3.56,Ya
3.03,2.74,3.06,2.90,Ya
2.77,3.03,3.25,3.06,Ya
3.13,3.00,3.32,3.22,Ya
2.88,2.60,2.85,3.25,Ya
3.00,3.48,3.38,3.44,Ya
2.90,3.00,3.18,3.16,Ya
2.66,3.02,3.30,3.30,Ya
3.72,3.62,3.57,3.58,Ya
3.41,3.72,3.55,3.56,Ya
3.65,3.62,3.54,3.62,Ya
3.52,3.36,3.55,3.47,Ya
3.49,3.38,3.24,3.36,Ya
3.52,3.60,3.47,3.56,Ya
3.26,3.32,3.45,3.34,Ya
3.68,3.71,3.76,3.62,Ya
3.52,3.70,3.60,3.56,Ya
3.43,3.48,3.59,3.53,Ya
3.31,3.38,3.41,3.47,Ya
3.40,3.34,3.40,3.44,Ya
3.61,3.34,3.54,3.56,Ya
3.42,3.06,3.39,3.34,Ya
3.58,3.74,3.59,3.56,Ya
3.26,3.41,3.45,3.41,Ya
3.50,3.45,3.37,3.59,Ya
3.53,3.42,3.59,3.47,Ya
3.24,3.38,3.41,3.44,Ya
3.49,3.35,3.48,3.47,Ya
3.22,3.39,3.51,3.41,Ya
3.37,3.42,3.52,3.41,Ya
3.70,3.85,3.92,3.59,Ya
3.23,3.27,3.54,3.41,Ya
3.46,3.50,3.30,3.34,Ya
3.60,3.64,3.69,3.47,Ya
3.39,3.54,3.55,3.47,Ya
3.60,3.54,3.57,3.41,Ya
3.04,3.22,3.14,3.52,Ya
3.53,3.19,3.51,3.59,Ya
3.41,3.21,3.17,3.16,Ya
3.15,3.03,2.93,2.82,Ya
3.39,3.39,3.18,3.64,Ya
3.42,3.33,3.70,3.69,Ya
3.08,3.17,3.08,3.31,Ya
3.21,3.05,3.02,3.25,Ya
3.20,3.08,3.18,3.36,Ya
3.35,3.14,3.28,3.31,Tidak
3.19,3.07,2.93,3.52,Ya
3.16,3.27,3.26,3.36,Ya
3.34,2.98,3.15,3.49,Ya
3.01,3.00,3.09,3.32,Ya
2.92,2.83,3.01,3.30,Ya
2.91,3.25,3.11,3.59,Ya
3.59,3.38,3.35,3.77,Ya
3.35,3.32,3.33,3.50,Ya
3.59,3.49,3.23,3.73,Ya
3.36,3.31,3.30,3.57,Ya
3.39,3.76,3.32,3.76,Ya
3.40,3.36,3.28,3.49,Ya
3.30,3.54,2.98,3.73,Ya
3.67,3.83,3.45,3.76,Ya
3.54,3.54,3.35,3.70,Ya
3.33,3.47,3.06,3.59,Ya
3.23,3.25,3.15,3.73,Ya
3.52,3.54,3.39,3.73,Ya
3.46,3.52,3.41,3.56,Ya
3.04,3.34,3.29,3.38,Ya
3.22,3.35,3.31,3.56,Ya
3.29,3.46,3.28,3.47,Ya
3.04,3.33,3.05,3.16,Ya
3.39,3.35,3.52,3.56,Ya
3.39,3.49,2.97,3.46,Ya
3.26,3.52,3.43,3.53,Ya
3.24,3.22,3.08,2.69,Ya
3.26,3.58,3.46,3.59,Ya
3.36,3.44,3.23,3.53,Ya
3.29,3.51,3.21,3.31,Ya
3.59,3.83,3.85,3.75,Ya
3.45,3.69,3.47,3.53,Ya
3.26,3.29,3.27,3.47,Ya
3.28,3.36,3.21,3.34,Ya
3.34,3.27,3.02,3.50,Ya
3.51,3.68,3.71,3.59,Ya
3.18,3.38,3.51,3.53,Ya
3.09,3.42,3.40,3.41,Ya
3.36,3.57,3.63,3.59,Ya
3.26,3.44,3.60,3.53,Ya
3.12,3.14,3.30,3.48,Ya
3.26,3.11,3.03,3.59,Tidak
3.49,3.13,3.39,3.32,Ya
3.17,3.48,3.17,3.59,Ya
3.67,3.74,3.49,3.58,Ya
3.42,3.29,3.54,3.72,Ya
3.04,3.14,3.27,2.84,Ya
3.62,3.77,3.74,3.78,Ya
3.37,3.59,3.68,3.32,Ya
2.91,2.58,2.94,3.06,Tidak
3.30,3.34,3.38,3.41,Ya
3.16,3.21,2.92,2.98,Tidak
3.11,3.46,3.25,3.16,Ya
3.28,3.48,3.42,3.39,Ya
3.54,3.52,3.61,3.69,Tidak
3.24,2.91,3.14,3.20,Ya
3.36,3.59,3.28,3.33,Ya
3.16,3.18,3.29,3.57,Ya
3.42,3.50,3.55,3.62,Ya
3.14,3.22,3.10,3.51,Ya
3.22,3.09,3.15,3.46,Ya
3.12,3.00,2.87,3.40,Ya
3.10,3.15,2.98,3.45,Ya
3.08,3.22,3.27,3.52,Ya
2.98,2.84,3.11,3.28,Ya
3.06,3.23,3.29,3.42,Ya
3.35,3.18,3.38,3.67,Ya
3.10,3.11,3.18,3.51,Ya
3.24,3.23,3.40,3.66,Ya
3.28,3.15,3.15,3.41,Ya
3.54,3.41,3.49,3.60,Ya
3.15,3.05,3.19,3.52,Ya
3.19,3.00,3.19,3.40,Ya
3.23,3.03,3.18,3.45,Ya
3.50,3.05,3.20,3.45,Ya
3.06,3.15,3.14,3.43,Ya
3.07,2.99,3.29,3.45,Ya
3.17,3.10,3.02,3.38,Ya
3.51,3.27,3.60,3.54,Ya
3.00,2.92,3.19,3.43,Ya
3.33,3.20,3.23,3.46,Ya
3.12,2.95,3.08,3.45,Ya
3.55,3.55,3.64,3.71,Ya
3.02,2.74,2.82,3.18,Ya
3.33,3.23,3.40,3.71,Ya
3.27,3.22,3.38,3.71,Ya
3.21,3.27,3.25,3.64,Ya
3.11,2.83,2.99,3.47,Ya
3.06,2.78,3.04,3.47,Ya
3.05,3.23,3.05,3.40,Ya
3.40,3.19,3.44,3.52,Ya
3.00,2.99,3.20,3.58,Ya
3.47,3.20,3.63,3.64,Ya
3.09,2.99,3.11,3.53,Ya
3.21,3.07,3.05,3.49,Ya
3.28,3.31,3.21,3.59,Ya
3.21,3.27,3.31,3.52,Ya
3.30,3.16,3.35,3.60,Ya
3.26,3.27,3.42,3.63,Ya
3.07,3.14,3.14,3.31,Ya
3.20,3.25,3.32,3.49,Ya
3.23,3.14,3.05,3.56,Ya
3.09,3.21,3.24,3.50,Ya
3.26,3.13,3.24,3.52,Ya
3.49,3.31,3.66,3.81,Ya
3.41,3.27,3.53,3.53,Ya
3.19,3.14,3.17,3.42,Ya
3.26,3.26,3.43,3.58,Ya
3.44,3.46,3.49,3.55,Ya
3.25,3.06,3.11,3.35,Ya
3.14,3.04,2.96,3.15,Ya
3.42,3.21,3.38,3.53,Ya
3.25,3.17,3.16,3.51,Ya
3.49,3.30,3.25,3.55,Ya
3.47,3.42,3.26,3.74,Ya
3.24,3.40,3.22,3.49,Ya
3.20,3.11,3.22,3.51,Ya
3.32,3.25,3.46,3.73,Ya
3.09,3.12,3.14,3.49,Ya
3.34,3.31,3.33,3.55,Ya
3.16,3.11,3.13,3.44,Ya
3.08,3.12,2.96,3.32,Ya
3.36,3.27,3.50,3.72,Ya
3.27,3.23,3.21,3.47,Ya
3.34,3.37,3.43,3.53,Ya
3.15,3.18,3.35,3.54,Ya
3.47,2.91,3.34,3.50,Ya
3.17,3.12,3.35,3.50,Ya
3.29,3.27,3.38,3.68,Ya
3.29,3.28,3.49,3.58,Ya
3.19,3.27,3.32,3.55,Ya
3.62,3.39,3.56,3.72,Ya
3.42,3.28,3.50,3.58,Ya
2.98,3.12,3.24,3.58,Ya
3.13,2.96,3.21,3.38,Ya
3.20,3.26,3.36,3.50,Ya
3.07,3.04,3.39,3.55,Ya
3.29,3.22,3.33,3.68,Ya
3.31,3.25,3.44,3.52,Ya
3.44,3.35,3.50,3.50,Ya
3.18,3.05,3.05,3.27,Ya
